Phylum	Class	Order	Family	Genus	Sample Size	Min COG %	Max COG %	Average Genome Size	Min Genome Size	Max Genome Size	Average Gene Count	Average Genes in COG	Average CRISPRs	Slope	Intercept	R squared	p-value	Standard Error
Proteobacteria	Alphaproteobacteria	Rhodospirillales	Acetobacteraceae	Acetobacter	80	10.21	79.31	3267692.7125	2639223	4230529	3199.375	67.064125	1.175	-1.0370162553581692e-05	100.95062960377929	0.16477573981394597	0.00018714895338704248	2.643584384499563e-06
Proteobacteria	Betaproteobacteria	Burkholderiales	Alcaligenaceae	Achromobacter	105	47.65	87.63	6565031.733333333	5805581	7359146	6113.942857142857	76.8924761904762	0.4857142857142857	-3.584638143717321e-07	79.24580250707832	0.000507659550718087	0.8195355527166237	1.5672207172274975e-06
Proteobacteria	Acidithiobacillia	Acidithiobacillales	Acidithiobacillaceae	Acidithiobacillus	20	49.21	76.09	3216656.55	2816858	3974949	3411.55	61.19350000000001	1.2	-1.1842473464716761e-05	99.28666983848235	0.2632219322677974	0.02070144373511197	4.669963390415677e-06
Proteobacteria	Betaproteobacteria	Burkholderiales	Comamonadaceae	Acidovorax	75	62.52	82.05	5071972.16	3796573	6820941	4702.2266666666665	71.12866666666667	0.7733333333333333	-1.0562101720471365e-06	76.48573525439856	0.025193366236156704	0.17378430926767965	7.689623097746785e-07
Proteobacteria	Gammaproteobacteria	Pseudomonadales	Moraxellaceae	Acinetobacter	1269	31.47	78.06	4004401.1552403467	3571990	4390137	3961.111899133176	64.91969267139481	0.5918045705279747	-9.327834138219924e-06	102.27208247037301	0.1443011870700336	7.836707995134883e-45	6.38143015989923e-07
Proteobacteria	Gammaproteobacteria	Pasteurellales	Pasteurellaceae	Actinobacillus	45	63.96	86.41	2318447.6222222224	2127148	2501959	2366.222222222222	75.89911111111113	1.6	-2.053834296923922e-06	80.66081835325282	0.0008234914502598837	0.8515636958037416	1.0909949346617743e-05
Proteobacteria	Gammaproteobacteria	Aeromonadales	Aeromonadaceae	Aeromonas	190	57.71	80.5	4699499.705263158	3980543	5282246	4460.531578947369	71.77457894736837	0.5578947368421052	-3.3017309008875376e-06	87.29106234294767	0.0431006796866286	0.0040509918881842105	1.1346288269342833e-06
Proteobacteria	Alphaproteobacteria	Rhizobiales	Bradyrhizobiaceae	Afipia	22	56.79	74.92	4817458.863636363	3971756	5326151	4704.318181818182	68.43545454545455	0.5	3.7635461552019537e-06	50.30472576137234	0.2524410001135611	0.017171601048588014	1.4481883177157422e-06
Proteobacteria	Gammaproteobacteria	Pasteurellales	Pasteurellaceae	Aggregatibacter	76	41.72	87.51	2223938.2763157897	1918287	2687710	2237.6315789473683	77.27421052631583	1.513157894736842	6.287859593229426e-06	63.290398900833445	0.013051938996477849	0.32576431681746165	6.3561861403310505e-06
Proteobacteria	Alphaproteobacteria	Rhizobiales	Rhizobiaceae	Agrobacterium	108	59.39	85.17	5529443.675925926	4679163	6667127	5344.537037037037	79.34481481481482	0.09259259259259259	-2.5485578778053204e-06	93.43692205497665	0.06863037650926478	0.006165632279090383	9.118941134073345e-07
Proteobacteria	Betaproteobacteria	Burkholderiales	Alcaligenaceae	Alcaligenes	26	65.29	85.62	4167933.423076923	3772970	4443529	3903.423076923077	80.015	0.5	1.651337077362068e-06	73.13233700249647	0.003861461024452283	0.7629840441063611	5.413948930724654e-06
Proteobacteria	Gammaproteobacteria	Oceanospirillales	Alcanivoracaceae	Alcanivorax	49	8.13	83.66	3689585.4897959186	2081251	4928223	3571.2244897959185	68.67428571428569	1.0612244897959184	3.65077874220698e-06	55.204425440583435	0.0406313728338698	0.16486810214323988	2.587608636911902e-06
Proteobacteria	Gammaproteobacteria	Vibrionales	Vibrionaceae	Aliivibrio	44	34.36	81.1	4341731.7272727275	4037340	4760779	4089.1136363636365	71.49045454545454	0.25	-1.5085153498750703e-05	136.9861441017597	0.1551662150165912	0.00815448048744447	5.43140442483233e-06
Proteobacteria	Alphaproteobacteria	Sphingomonadales	Erythrobacteraceae	Altererythrobacter	23	63.62	78.09	3021244.565217391	2449438	3692460	2966.6521739130435	71.16304347826085	0.17391304347826086	2.661151200897984e-06	63.12305487532609	0.048796799004046425	0.311106150739542	2.5638988536650438e-06
Proteobacteria	Gammaproteobacteria	Alteromonadales	Alteromonadaceae	Alteromonas	64	56.88	79.27	4594150.3125	3728455	5159414	4074.359375	67.198125	0.25	-3.096851516878998e-07	68.62086513640358	0.00030569150905370004	0.8909312383289493	2.249139848259854e-06
Proteobacteria	Alphaproteobacteria	Rhizobiales	Phyllobacteriaceae	Aminobacter	17	70.53	82.0	5728377.411764706	4186064	6890726	5671.176470588235	76.27235294117648	0.11764705882352941	1.3975235995112182e-06	68.26681032132831	0.1063748838902452	0.20138631440753035	1.0458554276660487e-06
Proteobacteria	Alphaproteobacteria	Rickettsiales	Anaplasmataceae	Anaplasma	45	34.77	70.97	1379662.1333333333	1136981	1772213	1247.2444444444445	53.79733333333335	0.15555555555555556	-3.7337462041719296e-05	105.31041586706412	0.544495638219126	7.320305971217861e-09	5.207863992417923e-06
Proteobacteria	Epsilonproteobacteria	Campylobacterales	Campylobacteraceae	Arcobacter	68	54.1	81.63	2370472.2647058824	1726588	3484799	2448.6470588235293	70.34720588235295	0.8970588235294118	-3.64839144018206e-06	78.99561660209487	0.03762915318990501	0.1129528152842605	2.2711115556959128e-06
Proteobacteria	Alphaproteobacteria	Rhizobiales	Aurantimonadaceae	Aurantimonas	13	70.69	80.61	4497028.923076923	3726363	5041052	4272.0	75.71923076923075	0.23076923076923078	3.2751146893543033e-06	60.99094528481035	0.09711733531991443	0.2999646949281543	3.0109077444186058e-06
Proteobacteria	Alphaproteobacteria	Rhizobiales	Aurantimonadaceae	Aureimonas	22	70.01	81.2	4773016.5	4090174	5438231	4535.863636363636	74.06363636363636	0.2727272727272727	-4.928085421869574e-06	97.5854693956293	0.37054898075024256	0.0026434603679529457	1.4362213829614342e-06
Proteobacteria	Gammaproteobacteria	Pasteurellales	Pasteurellaceae	Avibacterium	14	61.26	84.04	2535897.5	2256796	2869246	2701.5714285714284	74.72	0.5	-2.1304541824528303e-05	128.74613435146676	0.3294347337473409	0.031846697289866256	8.774399608065182e-06
Proteobacteria	Betaproteobacteria	Rhodocyclales	Zoogloeaceae	Azoarcus	10	68.23	83.33	4864711.1	3908237	5818755	4518.5	73.84700000000001	2.1	-7.353912360231358e-07	77.42446590872447	0.00609599396379234	0.8302442493441567	3.319887848813384e-06
Proteobacteria	Alphaproteobacteria	Rhodospirillales	Rhodospirillaceae	Azospirillum	38	55.68	80.28	7175548.131578947	6128762	8121100	6578.605263157895	72.21342105263159	2.973684210526316	-2.7440416338482055e-07	74.18242133450502	0.0007494350930432536	0.8704011539433156	1.669973711083828e-06
Proteobacteria	Gammaproteobacteria	Pseudomonadales	Pseudomonadaceae	Azotobacter	14	63.14	72.87	5133427.428571428	4859997	5484531	4959.428571428572	66.75071428571428	3.2142857142857144	5.795061234704969e-06	37.00218799322879	0.18260298295578847	0.12750528938919903	3.539402853766542e-06
Proteobacteria	Oligoflexia	Bacteriovoracales	Bacteriovoracaceae	Bacteriovorax	12	38.75	49.45	3658763.5	3233679	3953441	3629.0833333333335	47.31916666666667	0.25	-3.1636978083596586e-06	58.89438873292298	0.068213122712117	0.4122449916990585	3.697594846485954e-06
Proteobacteria	Alphaproteobacteria	Rhizobiales	Bartonellaceae	Bartonella	105	55.23	79.66	1729272.5904761904	1385271	2369520	1542.152380952381	68.88714285714289	0.12380952380952381	-1.3664449522690513e-05	92.51670088067704	0.3378376752668746	7.980263633481562e-11	1.8849581907821474e-06
Proteobacteria	Oligoflexia	Bdellovibrionales	Bdellovibrionaceae	Bdellovibrio	13	42.64	65.21	3798915.769230769	3006992	4125324	3708.153846153846	50.690769230769234	0.3076923076923077	-1.082070986833237e-05	91.79773458384807	0.18392954107080742	0.14366168012672578	6.872226976058068e-06
Proteobacteria	Alphaproteobacteria	Sphingomonadales	Sphingomonadaceae	Blastomonas	20	65.79	77.9	4098370.1	3879453	4403499	4056.15	74.29749999999999	0.25	-1.0109219593187576e-05	115.72882331505411	0.1114457112725978	0.15029887705076825	6.728088282322188e-06
Proteobacteria	Betaproteobacteria	Burkholderiales	Alcaligenaceae	Bordetella	200	60.15	87.81	4353893.665	3430792	5878756	4233.905	78.18679999999998	0.205	1.4125047815529409e-06	72.03690437981444	0.016703455018641684	0.0681586479524542	7.701874403078611e-07
Proteobacteria	Alphaproteobacteria	Rhizobiales	Bradyrhizobiaceae	Bosea	35	67.22	83.7	5755822.714285715	4349606	6639129	5542.314285714286	75.81199999999998	0.34285714285714286	1.6322045716059574e-06	66.41731985238944	0.06401182819559724	0.14253360375912982	1.086482373077634e-06
Proteobacteria	Alphaproteobacteria	Rhizobiales	Bradyrhizobiaceae	Bradyrhizobium	140	54.01	77.4	8515944.557142857	6793945	10475157	8173.685714285714	65.19607142857144	0.5714285714285714	-2.7211493376323412e-06	88.36922831955445	0.16893937122685476	4.548651564684937e-07	5.137640962321653e-07
Proteobacteria	Gammaproteobacteria	Enterobacterales	Pectobacteriaceae	Brenneria	11	70.72	81.85	4658053.7272727275	3907359	5377659	4385.181818181818	76.74	0.9090909090909091	2.2933760239515673e-06	66.0573312635945	0.16123396777908378	0.22092629024177898	1.7435971864553402e-06
Proteobacteria	Alphaproteobacteria	Caulobacterales	Caulobacteraceae	Brevundimonas	62	34.09	80.56	3202024.290322581	2533966	3688628	3212.8064516129034	69.93516129032258	0.1774193548387097	-4.652488173268867e-06	84.83254143156802	0.03690195947950358	0.13471239486791037	3.068458037109125e-06
Proteobacteria	Alphaproteobacteria	Rhizobiales	Brucellaceae	Brucella	381	53.73	85.12	3293650.2624671916	3238137	3352940	3215.742782152231	75.51992125984252	0.13123359580052493	3.248861310642817e-05	-31.486207825339633	0.033018864477360105	0.0003639613553826533	9.03107608831286e-06
Proteobacteria	Betaproteobacteria	Burkholderiales	Burkholderiaceae	Burkholderia	792	52.87	81.67	7254327.428030303	6294588	8259555	6341.328282828283	70.28444444444442	0.45707070707070707	-1.0920411527541658e-06	78.20646853140683	0.021559630816381653	3.351073615424917e-05	2.6174113456669246e-07
Proteobacteria	Gammaproteobacteria	Enterobacterales	Enterobacteriaceae	Buttiauxella	13	72.65	83.66	4975525.615384615	4301460	5498356	4745.846153846154	77.12153846153845	0.5384615384615384	-7.806582655219368e-06	115.96339043119966	0.562642486190571	0.003144887426312527	2.0752319927472356e-06
Proteobacteria	Betaproteobacteria	Burkholderiales	Burkholderiaceae	Caballeronia	35	65.47	76.17	9003918.485714287	6165668	11742332	8477.342857142858	68.86571428571429	1.3714285714285714	-8.873857392936718e-07	76.8556631476998	0.39124323837432456	5.873293180876306e-05	1.9268768176041657e-07
Proteobacteria	Epsilonproteobacteria	Campylobacterales	Campylobacteraceae	Campylobacter	721	40.82	84.23	1703232.1525658807	1465081	1954904	1827.7725381414702	67.1639944521498	0.4895977808599168	-2.3483545953324956e-05	107.16192497611124	0.21768880901025123	2.9669744208536807e-40	1.6602402919663608e-06
Proteobacteria	Alphaproteobacteria	Pelagibacterales	Pelagibacteraceae	Candidatus Pelagibacter	25	59.44	85.5	1319016.6	1115049	1456888	1433.8	74.15839999999999	0.04	1.9579705204726405e-05	48.33244381185948	0.12945503326353508	0.07729521852115082	1.058713290043174e-05
Proteobacteria	Gammaproteobacteria	unclassified	unclassified	Candidatus Thioglobus	12	58.55	78.55	1421321.5	1023462	1874587	1538.75	71.63083333333334	0.25	-3.196610045075e-06	76.17424391751439	0.029169745654025168	0.5956165081853582	5.831697518464498e-06
Proteobacteria	Alphaproteobacteria	Caulobacterales	Caulobacteraceae	Caulobacter	45	62.2	81.04	4905557.955555555	2223773	5994497	4606.022222222222	71.39711111111112	0.4222222222222222	-1.6710946262230858e-06	79.5947626492659	0.06335314613814336	0.09533193961641978	9.79874962234319e-07
Proteobacteria	Alphaproteobacteria	Rhodobacterales	Rhodobacteraceae	Celeribacter	15	63.21	81.21	4271689.0	3859742	4969388	4221.4	70.17	1.0	-3.394826645650783e-06	84.67164363913335	0.07342788891446661	0.32862868571310977	3.3446834181914114e-06
Proteobacteria	Betaproteobacteria	Neisseriales	Chromobacteriaceae	Chromobacterium	45	65.24	81.3	4857985.311111111	4377894	5334273	4671.288888888889	73.5222222222222	3.577777777777778	1.5897257485008675e-06	65.79935788730988	0.005144125650027778	0.63964567571388	3.3714155143038796e-06
Proteobacteria	Gammaproteobacteria	Enterobacterales	Enterobacteriaceae	Citrobacter	173	66.87	83.82	5133544.398843931	4498513	5763242	5055.884393063584	75.69797687861275	0.5433526011560693	-7.35517250461605e-06	113.45608149221533	0.2780921540328278	9.049235799574707e-14	9.062360213360812e-07
Proteobacteria	Alphaproteobacteria	Sphingomonadales	Sphingomonadaceae	Citromicrobium	16	58.61	66.57	3186332.25	2784619	3413560	3167.625	63.79875	0.0625	3.6176736200926787e-06	52.27163987432446	0.046999651684942384	0.41995869086433824	4.353760904306037e-06
Proteobacteria	Betaproteobacteria	Burkholderiales	Oxalobacteraceae	Collimonas	15	61.93	74.49	5338333.533333333	4709377	5945709	5036.466666666666	70.92	0.4	4.845355772356619e-07	68.33338747994985	0.0029809760789819323	0.8467583063130302	2.45768643080278e-06
Proteobacteria	Gammaproteobacteria	Alteromonadales	Colwelliaceae	Colwellia	28	57.19	79.02	4602888.892857143	3748312	5723506	4062.964285714286	66.99035714285716	0.8571428571428571	-6.10656274463764e-06	95.09818697368496	0.21651952982171355	0.012589455682074037	2.278115294655301e-06
Proteobacteria	Betaproteobacteria	Burkholderiales	Comamonadaceae	Comamonas	55	65.02	81.47	5031224.818181818	3362256	6062703	4675.527272727273	72.13745454545453	0.5454545454545454	-2.0915953568426857e-06	82.66074101439533	0.1877131198518281	0.0009527890757928825	5.976502970066984e-07
Proteobacteria	Gammaproteobacteria	Legionellales	Coxiellaceae	Coxiella	46	36.26	70.74	2020874.6739130435	1932865	2130797	2166.891304347826	61.04369565217389	0.021739130434782608	2.5896636648019253e-06	55.81030993802286	0.00017352329966523547	0.9307610240774483	2.9634693710210926e-05
Proteobacteria	Gammaproteobacteria	Enterobacterales	Enterobacteriaceae	Cronobacter	91	54.1	82.32	4511463.659340659	4268675	4759787	4397.714285714285	74.41164835164835	3.010989010989011	-1.3764533931059704e-05	136.5098429693856	0.0563726144596709	0.023443519129872883	5.96942756918955e-06
Proteobacteria	Betaproteobacteria	Burkholderiales	Burkholderiaceae	Cupriavidus	97	64.84	84.07	6788165.618556701	5791022	7968737	6266.453608247422	77.2844329896907	0.3917525773195876	-3.141962688972244e-06	98.61259608976007	0.09536269156835865	0.002086940678966524	9.928581793878946e-07
Proteobacteria	Gammaproteobacteria	Thiotrichales	Piscirickettsiaceae	Cycloclasticus	14	50.86	76.78	2322019.8571428573	1916434	2655425	2362.1428571428573	69.67071428571428	0.7857142857142857	2.1289027584260745e-05	20.237169495798803	0.2852306434416108	0.04915792032460672	9.728593864656163e-06
Proteobacteria	Betaproteobacteria	Burkholderiales	Comamonadaceae	Delftia	25	43.88	79.65	6651607.36	5978913	7195716	6214.16	70.29519999999998	2.0	-9.192206264074427e-06	131.43814684075556	0.09796763416905861	0.1276482605568303	5.816016006856586e-06
Proteobacteria	Deltaproteobacteria	Desulfovibrionales	Desulfovibrionaceae	Desulfovibrio	66	47.99	79.35	3765379.4696969697	2655841	5128906	3424.409090909091	62.42227272727273	1.893939393939394	-1.6765188271711154e-06	68.7350022996633	0.029715854850585408	0.1663360633987787	1.197495254837035e-06
Proteobacteria	Alphaproteobacteria	Rhizobiales	Hyphomicrobiaceae	Devosia	33	66.4	82.82	4130507.757575758	3353577	5052234	4087.969696969697	73.58060606060607	0.45454545454545453	-6.196401534494128e-07	76.14003452133429	0.0047520561693582585	0.7030643872786951	1.610584694788793e-06
Proteobacteria	Gammaproteobacteria	Enterobacterales	Pectobacteriaceae	Dickeya	64	70.75	84.31	4792367.921875	4325747	5110316	4351.734375	77.05437500000001	4.328125	6.811155171928981e-06	44.41281344313456	0.10828961735674004	0.007928588216771405	2.482238068821199e-06
Proteobacteria	Betaproteobacteria	Burkholderiales	Oxalobacteraceae	Duganella	27	63.27	79.93	6501682.37037037	6108407	7061117	5833.851851851852	68.40222222222224	0.6666666666666666	3.2805931777294814e-06	47.07284739422114	0.03714656843210864	0.3354671443804582	3.3404356831119407e-06
Proteobacteria	Gammaproteobacteria	Xanthomonadales	Rhodanobacteraceae	Dyella	20	64.2	80.0	4807064.1	3832236	5396991	4245.85	70.38750000000002	0.6	-1.0463182384336766e-07	70.89047188411499	9.040814178163788e-05	0.9682644073461615	2.5936068157083286e-06
Proteobacteria	Gammaproteobacteria	Enterobacterales	Hafniaceae	Edwardsiella	45	55.46	83.04	3773285.9777777777	3576228	4014644	3595.4	76.84577777777778	0.6666666666666666	-2.3232021530093997e-06	85.6118838852713	0.001461507488824887	0.803107942013277	9.260504705042148e-06
Proteobacteria	Alphaproteobacteria	Rickettsiales	Anaplasmataceae	Ehrlichia	22	52.76	71.79	1252069.9545454546	1005812	1516355	996.4090909090909	61.41454545454546	0.09090909090909091	1.0098131116613158e-05	48.77097888637359	0.11526806922709679	0.12214611164956732	6.255720679169879e-06
Proteobacteria	Betaproteobacteria	Neisseriales	Neisseriaceae	Eikenella	22	50.73	75.0	2158511.0	1827546	2545600	2201.818181818182	63.76181818181819	0.36363636363636365	5.108930678202155e-06	52.734135114681365	0.043510879758292056	0.35155357770598084	5.3561915131690564e-06
Proteobacteria	Alphaproteobacteria	Rhizobiales	Rhizobiaceae	Ensifer	49	68.45	83.57	6977757.0	5190151	8258323	6680.734693877551	73.90040816326531	0.3877551020408163	-3.990983040376634e-07	76.68521914795222	0.006296152260464086	0.5878494765745332	7.31344210890179e-07
Proteobacteria	Gammaproteobacteria	Enterobacterales	Enterobacteriaceae	Enterobacter	441	6.0	85.59	4936976.93197279	4367584	5533586	4838.369614512471	75.60204081632656	0.6870748299319728	-8.962774354626997e-06	119.85105105159732	0.1357676190910923	1.2543146343653802e-15	1.0792631996483177e-06
Proteobacteria	Gammaproteobacteria	Vibrionales	Vibrionaceae	Enterovibrio	19	30.68	78.99	5424426.105263158	5001645	5697426	5157.8421052631575	69.92631578947366	0.5789473684210527	2.4481981773008273e-05	-62.8743852486092	0.15512302720451046	0.09522403611338949	1.3857366733478419e-05
Proteobacteria	Alphaproteobacteria	Rhodobacterales	Rhodobacteraceae	Epibacterium	46	62.69	77.8	4805345.760869565	4677362	4942296	4673.586956521739	68.68739130434781	0.0	-1.4809235538919135e-05	139.8508885230118	0.10803346816042687	0.0257298429310653	6.415070341079865e-06
Proteobacteria	Gammaproteobacteria	Enterobacterales	Erwiniaceae	Erwinia	63	46.72	80.41	4261982.571428572	3766860	5734753	4111.888888888889	72.43412698412696	2.5396825396825395	1.5860344660174066e-07	71.75816185894186	0.00030651578781392845	0.8916711706112361	1.1597241729208945e-06
Proteobacteria	Alphaproteobacteria	Sphingomonadales	Erythrobacteraceae	Erythrobacter	43	55.02	79.45	3044185.976744186	2552891	3602162	2999.953488372093	67.39348837209303	0.11627906976744186	-3.865852036830067e-06	79.16186093077907	0.025602455724026738	0.3053891790413697	3.7246080518610932e-06
Proteobacteria	Gammaproteobacteria	Enterobacterales	Enterobacteriaceae	Escherichia	3416	46.99	79.87	5104306.218384075	4440297	5766081	5092.083430913349	70.66964578454338	1.760831381733021	-9.29619503921812e-06	118.12027193053558	0.3475004165682726	7.12897e-319	2.180147730299428e-07
Proteobacteria	Gammaproteobacteria	Thiotrichales	Francisellaceae	Francisella	141	47.21	82.46	1868897.0283687944	1779799	1945310	2008.6666666666667	60.76893617021277	0.2198581560283688	3.929099844232335e-05	-12.661894060288262	0.029253402047873665	0.042577390398200805	1.9197753609977464e-05
Proteobacteria	Gammaproteobacteria	Pasteurellales	Pasteurellaceae	Gallibacterium	37	71.09	90.2	2481104.4054054054	2242179	2717421	2426.108108108108	82.92135135135136	2.6486486486486487	-1.7790093277733703e-05	127.06043015530952	0.272053858533655	0.0009309644853481429	4.918881750372475e-06
Proteobacteria	Deltaproteobacteria	Desulfuromonadales	Geobacteraceae	Geobacter	25	29.81	78.19	4208125.96	3571247	5277406	3928.72	60.431599999999996	1.48	-2.287609378195694e-06	70.05814841072477	0.022308512704638007	0.47610519651558525	3.1577922799243524e-06
Proteobacteria	Gammaproteobacteria	Orbales	Orbaceae	Gilliamella	70	65.64	83.81	2711199.4285714286	2180622	3537173	2571.7428571428572	76.68114285714287	6.357142857142857	-4.989921287110948e-06	90.20981459937447	0.08907019287096792	0.012090345126050235	1.9351538521587213e-06
Proteobacteria	Gammaproteobacteria	Alteromonadales	Alteromonadaceae	Glaciecola	11	59.49	79.42	4126321.8181818184	2523039	5393591	3689.090909090909	66.74636363636364	0.2727272727272727	-4.501227543738864e-06	85.31987705869427	0.3580556861579744	0.0517996663477437	2.0090146499614174e-06
Proteobacteria	Gammaproteobacteria	Pasteurellales	Pasteurellaceae	Glaesserella	31	63.58	83.64	2272440.64516129	2090833	2481990	2295.7096774193546	74.51516129032258	1.2258064516129032	7.98309913735011e-06	56.37404233625616	0.016738791602838452	0.48788867178870277	1.136174205354821e-05
Proteobacteria	Alphaproteobacteria	Rhodospirillales	Acetobacteraceae	Gluconobacter	34	59.52	77.81	3198983.9411764704	2734642	3715361	3079.8823529411766	66.8323529411765	1.1764705882352942	-4.473514262818032e-06	81.14305322855526	0.12309984277613693	0.041902285011341134	2.110669147942784e-06
Proteobacteria	Gammaproteobacteria	Pasteurellales	Pasteurellaceae	Haemophilus	176	51.89	88.19	1867080.6875	1615658	2146054	1891.028409090909	78.65352272727272	0.38636363636363635	9.59528975544604e-06	60.73834253391283	0.02633997114044723	0.03139379072901532	4.4226186518949824e-06
Proteobacteria	Gammaproteobacteria	Enterobacterales	Hafniaceae	Hafnia	33	67.18	83.06	4751167.454545454	4498956	4998224	4548.181818181818	77.93242424242426	2.1818181818181817	-1.446402765213238e-05	146.6534416848811	0.3250620920591248	0.0005323942681461011	3.743321631805926e-06
Proteobacteria	Gammaproteobacteria	Oceanospirillales	Halomonadaceae	Halomonas	134	11.54	88.99	4099383.223880597	2245055	5643878	3956.194029850746	74.73216417910446	1.171641791044776	3.2127768773601138e-06	61.56176054598295	0.04114116707037809	0.018750730508045856	1.349996469843885e-06
Proteobacteria	Epsilonproteobacteria	Campylobacterales	Helicobacteraceae	Helicobacter	550	38.66	75.92	1630806.6127272728	1527988	1735193	1645.1327272727274	61.91536363636363	0.52	-1.4672491820306738e-05	85.84336032210668	0.014093165530613133	0.005309436645415362	5.2423650425772335e-06
Proteobacteria	Alphaproteobacteria	Rhodobacterales	Hyphomonadaceae	Henriciella	11	67.61	78.48	3609849.727272727	3203764	4335829	3595.818181818182	75.06272727272727	0.0	5.88943430302238e-06	53.802754460171286	0.27717629429380836	0.0961600799040354	3.1702278610025745e-06
Proteobacteria	Betaproteobacteria	Burkholderiales	Oxalobacteraceae	Herbaspirillum	39	68.8	84.8	5458801.641025641	4573585	6495402	4968.666666666667	76.2502564102564	0.3333333333333333	-4.006768356199081e-06	98.12241008828555	0.20987729996226057	0.003359208388599283	1.2780796165678656e-06
Proteobacteria	Gammaproteobacteria	Pasteurellales	Pasteurellaceae	Histophilus	24	73.04	83.62	2198281.4166666665	2012878	2368610	2115.2083333333335	77.36541666666668	0.041666666666666664	-3.250165854681678e-06	84.51019586609793	0.006953404946562051	0.6984752228751601	8.280951388709957e-06
Proteobacteria	Betaproteobacteria	Burkholderiales	Comamonadaceae	Hydrogenophaga	18	68.97	84.29	4951940.611111111	4499155	5541332	4749.5	75.63	0.5	-1.208268110111048e-05	135.4627192356937	0.48797837427984014	0.001260543534626722	3.0941914814301253e-06
Proteobacteria	Alphaproteobacteria	Rhizobiales	Hyphomicrobiaceae	Hyphomicrobium	14	59.27	74.68	3997352.214285714	2954375	4757528	3912.214285714286	64.20642857142857	1.0	1.5294247309735005e-06	58.09277923648832	0.025987196704251057	0.5819340702623115	2.702963003900476e-06
Proteobacteria	Alphaproteobacteria	Rhodobacterales	Hyphomonadaceae	Hyphomonas	24	59.95	70.95	3593447.2083333335	2963843	4280175	3541.0833333333335	67.8125	0.08333333333333333	1.6024542624247555e-06	62.05416520420791	0.04971936237065781	0.2949562631601974	1.4936108757095067e-06
Proteobacteria	Gammaproteobacteria	Alteromonadales	Idiomarinaceae	Idiomarina	46	62.15	84.62	2686700.8913043477	2153521	3102721	2604.021739130435	72.32891304347827	0.17391304347826086	-7.3171816387349685e-06	91.98799147410331	0.13234963071475686	0.012943707499062228	2.824414996285363e-06
Proteobacteria	Alphaproteobacteria	Rhodobacterales	Rhodobacteraceae	Jannaschia	12	56.77	74.59	3984228.6666666665	3479020	4842958	4025.6666666666665	67.24583333333334	0.8333333333333334	5.286267971131476e-07	65.13966329430696	0.0032897591255639023	0.8594667355533305	2.9097225827961723e-06
Proteobacteria	Betaproteobacteria	Burkholderiales	Oxalobacteraceae	Janthinobacterium	51	61.82	78.81	6284825.137254902	5844062	6760367	5678.705882352941	70.43470588235294	0.43137254901960786	-5.453435926724727e-06	104.70859707904148	0.06703544466130923	0.06656726107531112	2.9063806935312963e-06
Proteobacteria	Betaproteobacteria	Neisseriales	Neisseriaceae	Kingella	34	44.03	78.8	2005991.4117647058	1804177	2405975	2169.823529411765	66.26235294117649	0.8235294117647058	-1.0063557983959869e-05	86.44976382879612	0.04309650779578809	0.23875722819389242	8.382809443663503e-06
Proteobacteria	Gammaproteobacteria	Enterobacterales	Enterobacteriaceae	Klebsiella	1125	40.22	84.98	5586817.128	4963246	6200275	5465.181333333333	75.28735999999992	0.5768888888888889	-5.884286292577616e-06	108.16179144542824	0.15434175090551466	7.947897398424272e-43	4.1101687215297057e-07
Proteobacteria	Alphaproteobacteria	Rhodospirillales	Acetobacteraceae	Komagataeibacter	38	58.47	78.24	3636564.1052631577	3329793	4181473	3503.7894736842104	70.07999999999998	0.7105263157894737	-1.3297980969784397e-05	118.4389602671905	0.3391176247634397	0.00012524952722083835	3.0940074913271784e-06
Proteobacteria	Gammaproteobacteria	Enterobacterales	Enterobacteriaceae	Kosakonia	25	43.47	82.02	5097869.64	4685999	5783769	4997.96	74.6928	0.36	1.1316970660544427e-06	68.92355588528397	0.002714947370243473	0.8046330468350463	4.52267332251361e-06
Proteobacteria	Alphaproteobacteria	Rhodobacterales	Rhodobacteraceae	Labrenzia	21	60.35	82.78	6363713.428571428	5142828	7393951	5977.571428571428	72.55999999999999	0.2857142857142857	-2.2518074851283768e-07	73.99298575316693	0.001162907771955763	0.8833329665868458	1.5140114244347464e-06
Proteobacteria	Gammaproteobacteria	Enterobacterales	Enterobacteriaceae	Leclercia	21	69.64	81.15	5098631.476190476	4648770	5411940	5013.285714285715	76.11714285714285	1.4761904761904763	-7.5074347809493425e-06	114.39478613673832	0.29002809294076204	0.01177799307637896	2.6947303661354605e-06
Proteobacteria	Gammaproteobacteria	Legionellales	Legionellaceae	Legionella	360	41.65	72.1	3460252.136111111	3126774	3785576	3163.947222222222	60.45088888888891	0.5555555555555556	-5.6154558803628485e-06	79.88178209415213	0.023298406729491978	0.00369532445791798	1.9215927117483514e-06
Proteobacteria	Alphaproteobacteria	Rhodobacterales	Rhodobacteraceae	Leisingera	16	63.69	77.35	4833912.25	4537012	5347234	4713.25	70.86875	0.3125	-2.641059785123475e-06	83.63540124829073	0.06160672179682883	0.35397164412973514	2.7548160761575453e-06
Proteobacteria	Gammaproteobacteria	Enterobacterales	Enterobacteriaceae	Lelliottia	16	76.26	84.74	4664862.4375	4370208	4981029	4575.125	79.97749999999999	0.375	6.297962541542438e-07	77.03958711071766	0.0026472749234867114	0.8499076518530724	3.2670886721855112e-06
Proteobacteria	Alphaproteobacteria	Rhizobiales	Rhizobiaceae	Liberibacter	15	60.27	74.0	1221716.9333333333	1176071	1312416	1136.9333333333334	67.53133333333334	0.4	-2.1181532528130953e-05	93.40917029690173	0.03387458129827293	0.5114188414030398	3.137368192125454e-05
Proteobacteria	Betaproteobacteria	Burkholderiales	Comamonadaceae	Limnohabitans	11	69.97	86.72	3082076.909090909	2354010	3945826	3041.818181818182	77.74454545454546	0.18181818181818182	-3.047990412416104e-06	87.1386863237836	0.04274660310238813	0.5418849835279163	4.807895232634495e-06
Proteobacteria	Alphaproteobacteria	Rhodobacterales	Rhodobacteraceae	Loktanella	13	65.79	78.5	3737472.153846154	3417479	4206024	3759.923076923077	70.63999999999999	0.0	-2.520172308743053e-06	80.05907382682132	0.02453384300429276	0.6093394997509067	4.79134237167501e-06
Proteobacteria	Gammaproteobacteria	Enterobacterales	Pectobacteriaceae	Lonsdalea	33	75.98	82.69	3782972.878787879	3648192	4015569	3640.878787878788	80.35909090909091	0.09090909090909091	-1.0870067763001068e-05	121.48026244711038	0.31621588577068543	0.0006591600159259318	2.8709066158514878e-06
Proteobacteria	Gammaproteobacteria	Xanthomonadales	Rhodanobacteraceae	Luteibacter	16	64.75	75.23	4476718.375	4124669	4944499	4021.375	68.5025	0.125	-5.702320803565872e-06	94.0301843214681	0.3278576875521823	0.02044422624410965	2.1821045795609476e-06
Proteobacteria	Gammaproteobacteria	Xanthomonadales	Xanthomonadaceae	Luteimonas	13	65.56	81.24	3548030.5384615385	2917404	4295921	3254.5384615384614	71.94538461538461	0.6923076923076923	-4.861889669055864e-06	89.19551763582548	0.13543827464765087	0.21600829966893623	3.703702143080043e-06
Proteobacteria	Gammaproteobacteria	Xanthomonadales	Xanthomonadaceae	Lysobacter	43	56.26	81.47	4339165.790697674	2541122	6391889	3817.3953488372094	67.20279069767439	1.441860465116279	-4.262806948413875e-06	85.69981678058025	0.6297010846402702	2.2024200938175308e-10	5.105199710653656e-07
Proteobacteria	Alphaproteobacteria	Rhodospirillales	Rhodospirillaceae	Magnetospirillum	14	56.02	75.27	4495713.928571428	4143177	4992477	4283.5	63.18285714285713	1.0	-6.229093859586932e-06	91.18708116978085	0.17233697757041663	0.13992833932502335	3.940685647193145e-06
Proteobacteria	Gammaproteobacteria	Pasteurellales	Pasteurellaceae	Mannheimia	68	62.74	80.05	2620831.132352941	2425481	2746467	2770.926470588235	72.66985294117646	0.9705882352941176	3.4330804047259562e-06	63.67232893659987	0.0016483288067260212	0.7423661413350561	1.0399964516768611e-05
Proteobacteria	Gammaproteobacteria	Alteromonadales	Alteromonadaceae	Marinobacter	90	44.86	84.44	4097497.188888889	2922982	5207492	3911.0444444444443	72.03133333333332	0.4444444444444444	-6.140470617903993e-06	97.19189442864976	0.1514602077268061	0.00014999987062883676	1.5493415010753853e-06
Proteobacteria	Gammaproteobacteria	Oceanospirillales	Oceanospirillaceae	Marinobacterium	12	67.1	75.03	4613873.0	3516930	5568333	4307.75	71.71000000000001	1.0833333333333333	-2.3817363607021705e-07	72.8089029087762	0.003492461639140033	0.8552409526333102	1.2722374010999894e-06
Proteobacteria	Gammaproteobacteria	Oceanospirillales	Oceanospirillaceae	Marinomonas	32	64.68	84.7	4251241.53125	3342098	5394187	4014.34375	74.8078125	1.0625	-2.7731563783761173e-06	86.59717006840339	0.10119862926757112	0.07600259153299835	1.5088924337744003e-06
Proteobacteria	Alphaproteobacteria	Rhodobacterales	Rhodobacteraceae	Marinovum	16	61.28	80.57	2090192.0625	1356763	3369777	2111.4375	73.205625	0.0625	-3.627601824585773e-06	80.7880095396597	0.15798299388147183	0.12737498403143654	2.238261659304697e-06
Proteobacteria	Betaproteobacteria	Burkholderiales	Oxalobacteraceae	Massilia	45	59.55	78.05	6503875.777777778	4719867	8489111	5750.111111111111	69.11111111111111	0.6	7.905173002459664e-07	63.969684790127076	0.01722611009853769	0.390124987199886	9.105637284251186e-07
Proteobacteria	Alphaproteobacteria	Rhizobiales	Phyllobacteriaceae	Mesorhizobium	141	59.25	82.17	6683819.581560284	5324561	7856320	6545.241134751773	71.12156028368794	0.41134751773049644	-9.1874435947261e-07	77.26228182397905	0.013093413450415085	0.17666785950806574	6.765483956246568e-07
Proteobacteria	Gammaproteobacteria	Methylococcales	Methylococcaceae	Methylobacter	14	53.23	64.66	4890548.857142857	4181010	5490250	4528.071428571428	59.503571428571426	4.285714285714286	-4.884915143449952e-06	83.39348760061043	0.40900368260766595	0.013784784673905853	1.6950994348906727e-06
Proteobacteria	Alphaproteobacteria	Rhizobiales	Methylobacteriaceae	Methylobacterium	97	48.43	72.65	5957231.659793815	4300541	8839022	5715.051546391753	62.387422680412364	0.7525773195876289	-3.828582232612612e-07	64.66819780923676	0.010181554128929085	0.32540289772112596	3.8729947754404025e-07
Proteobacteria	Gammaproteobacteria	Methylococcales	Methylococcaceae	Methylomonas	17	51.04	71.25	5176318.764705882	4703858	5482877	4769.235294117647	59.11235294117648	3.3529411764705883	-4.796056083128349e-06	83.93826804085553	0.03819959933737094	0.4521931294737257	6.213720242764457e-06
Proteobacteria	Gammaproteobacteria	Thiotrichales	Piscirickettsiaceae	Methylophaga	14	61.63	81.14	3066582.0	2745290	3306714	3044.0714285714284	69.635	0.7857142857142857	9.36887166233277e-06	40.90458679998025	0.09821372171915255	0.27524759086118167	8.19525353800616e-06
Proteobacteria	Betaproteobacteria	Nitrosomonadales	Methylophilaceae	Methylophilus	17	66.63	71.35	2913469.0	2667015	3079044	2800.9411764705883	69.30588235294118	0.23529411764705882	-3.4193798335688773e-06	79.26813949726926	0.08421633582264423	0.2585102955441745	2.9113873575085945e-06
Proteobacteria	Alphaproteobacteria	Rhizobiales	Methylobacteriaceae	Methylorubrum	14	52.54	72.55	5882506.0	5323773	6879778	5583.785714285715	61.26428571428572	1.2857142857142858	-9.05107560811116e-06	114.50729228545327	0.4642839453261595	0.007288042234846935	2.8066293825309986e-06
Proteobacteria	Betaproteobacteria	Nitrosomonadales	Methylophilaceae	Methylotenera	15	60.77	72.65	2598209.8666666667	2125049	3059871	2526.6666666666665	69.088	0.3333333333333333	-6.004700449976441e-07	70.64814719555065	0.0015289923035523793	0.8899590925977707	4.255834694784296e-06
Proteobacteria	Alphaproteobacteria	unclassified	unclassified	Micavibrio	12	44.08	67.37	2060529.3333333333	1323426	2713707	2121.9166666666665	58.12583333333333	0.4166666666666667	-9.20775231444541e-06	77.09867707131599	0.6314064295754416	0.0020155002070330616	2.2247079464374123e-06
Proteobacteria	Gammaproteobacteria	Cellvibrionales	Microbulbiferaceae	Microbulbifer	16	57.99	77.72	4063063.8125	3637656	4835674	3496.875	70.02625	0.75	-5.193517135173357e-06	91.12784153152154	0.16056541366882296	0.1240244052360359	3.1736934771555705e-06
Proteobacteria	Alphaproteobacteria	Rhizobiales	Methylobacteriaceae	Microvirga	11	47.24	79.98	6250220.181818182	4018372	9633614	6353.909090909091	66.31636363636363	0.0	-3.904799312941878e-06	90.72221910806273	0.6803943519458784	0.001778403867601452	8.920810960004161e-07
Proteobacteria	Gammaproteobacteria	Pseudomonadales	Moraxellaceae	Moraxella	93	55.25	84.03	2106949.6129032257	1776416	2911207	2050.8064516129034	73.46139784946236	1.6881720430107527	-1.1205062993506809e-05	97.06990098618779	0.18441100029997948	1.7442450857297775e-05	2.4702213686493974e-06
Proteobacteria	Gammaproteobacteria	Enterobacterales	Morganellaceae	Morganella	42	62.47	81.32	4028264.5476190476	3567897	4512187	3991.1190476190477	74.10095238095239	0.023809523809523808	-1.6167720407976837e-05	139.22880731622243	0.3979196598819916	7.531778238014689e-06	3.144476253407827e-06
Proteobacteria	Gammaproteobacteria	Alteromonadales	Moritellaceae	Moritella	18	63.49	76.07	5048134.111111111	4636177	5311144	4694.5	72.49499999999999	1.6666666666666667	5.280899683418595e-06	45.83631017077872	0.06271484650951509	0.316201166311022	5.103858358769465e-06
Proteobacteria	Deltaproteobacteria	Myxococcales	Myxococcaceae	Myxococcus	12	47.93	62.8	9272903.583333334	9003593	9429999	7660.5	54.28666666666666	10.166666666666666	2.6999485253946986e-05	-196.07695689281385	0.18356588750850758	0.16464454733436587	1.800611694039816e-05
Proteobacteria	Betaproteobacteria	Neisseriales	Neisseriaceae	Neisseria	464	33.0	82.02	2180907.515086207	2022093	2365781	2188.7974137931033	66.54461206896549	1.0474137931034482	1.5998486337255737e-05	31.653392986040473	0.03990787084607454	1.4553723960341141e-05	3.6507751239984264e-06
Proteobacteria	Alphaproteobacteria	Rhizobiales	Rhizobiaceae	Neorhizobium	23	71.01	82.07	6377534.217391305	5725939	7026071	6238.130434782609	76.90869565217392	0.13043478260869565	-6.61889606556162e-07	81.1299192661215	0.0030861130569407114	0.8012277087705206	2.595964929720773e-06
Proteobacteria	Alphaproteobacteria	Rhizobiales	Phyllobacteriaceae	Nitratireductor	12	59.27	82.72	4597561.0	3551806	5125657	4546.25	74.75416666666666	0.3333333333333333	6.891985734532524e-08	74.43730341841025	2.1601742843091515e-05	0.9885624640697992	4.6891624996348406e-06
Proteobacteria	Betaproteobacteria	Nitrosomonadales	Nitrosomonadaceae	Nitrosomonas	51	50.78	70.8	3194763.470588235	2062509	4067838	3061.627450980392	60.78313725490197	1.8431372549019607	-8.83777692725545e-06	89.01774414330521	0.6296076300447494	3.823250263235876e-12	9.68369316402271e-07
Proteobacteria	Betaproteobacteria	Nitrosomonadales	Nitrosomonadaceae	Nitrosospira	29	55.79	64.19	3273150.0	3032078	3572403	3109.0689655172414	59.9293103448276	0.8620689655172413	-7.699926534399476e-06	85.13232488089722	0.32521003274417964	0.001238399120244429	2.1345534804123815e-06
Proteobacteria	Alphaproteobacteria	Sphingomonadales	Sphingomonadaceae	Novosphingobium	89	58.71	79.69	4735665.044943821	4079279	5372701	4412.460674157303	71.98966292134833	0.2808988764044944	3.6301155303538243e-06	54.798651695144	0.025959388320407815	0.13145697122911543	2.383977353227948e-06
Proteobacteria	Alphaproteobacteria	Rhodobacterales	Hyphomonadaceae	Oceanicaulis	11	60.92	70.27	2961216.6363636362	2337007	3401106	2891.3636363636365	67.16090909090909	0.18181818181818182	-5.261360159615875e-06	82.74093632546445	0.26867169058667245	0.10237180964632876	2.8934901992861405e-06
Proteobacteria	Alphaproteobacteria	Rhizobiales	Brucellaceae	Ochrobactrum	65	69.09	85.2	4865342.276923077	4215398	5548018	4729.4	77.26630769230768	0.03076923076923077	-1.3228790510265551e-06	83.70256706652307	0.009282175470251754	0.445190550800567	1.721868438804843e-06
Proteobacteria	Betaproteobacteria	Burkholderiales	Alcaligenaceae	Oligella	14	67.16	84.99	2574355.3571428573	2313349	2905924	2495.1428571428573	73.42999999999999	1.4285714285714286	-1.4626399745295385e-05	111.08355054001409	0.29136967410981696	0.04633190390505007	6.584677490295089e-06
Proteobacteria	Alphaproteobacteria	Rickettsiales	Rickettsiaceae	Orientia	16	18.62	55.94	2067559.3125	1454354	2469803	2452.5625	38.698125000000005	0.375	6.5600515624960525e-06	25.134829301481115	0.03179456881995556	0.5087971734249148	9.674989949403567e-06
Proteobacteria	Betaproteobacteria	Burkholderiales	Burkholderiaceae	Pandoraea	23	70.21	82.64	5629178.782608695	5056206	6227302	5102.826086956522	75.98434782608696	0.21739130434782608	8.056374635055316e-07	71.44927051004693	0.00405901273475108	0.7727356111267549	2.753826672671567e-06
Proteobacteria	Alphaproteobacteria	Rhodobacterales	Rhodobacteraceae	Pannonibacter	11	74.33	86.21	5066543.090909091	4170676	5669701	4676.272727272727	81.19	3.6363636363636362	-1.015321084017038e-06	86.33416802328085	0.009093685134177605	0.7803195111566192	3.5328767910391154e-06
Proteobacteria	Gammaproteobacteria	Enterobacterales	Erwiniaceae	Pantoea	141	55.43	83.26	4883552.914893617	4410683	5365929	4664.212765957447	75.35936170212763	0.3049645390070922	-2.316019562295974e-06	86.6697657865288	0.015171655597562377	0.14563351267123134	1.5827000105443457e-06
Proteobacteria	Betaproteobacteria	Burkholderiales	Burkholderiaceae	Paraburkholderia	152	60.78	81.84	8320660.480263158	5930529	11152926	7638.190789473684	71.65953947368416	0.5263157894736842	-1.3386141412369961e-06	82.79769325699628	0.09692998056915304	9.453551615708398e-05	3.3361181929396973e-07
Proteobacteria	Alphaproteobacteria	Rhodobacterales	Rhodobacteraceae	Paracoccus	77	31.68	82.67	4180325.675324675	2985589	5627664	4188.012987012987	72.84168831168832	1.025974025974026	8.531615579544332e-07	69.27519514577139	0.007241203156466876	0.4618337791863021	1.1534988155931828e-06
Proteobacteria	Gammaproteobacteria	Pasteurellales	Pasteurellaceae	Pasteurella	91	45.73	88.58	2309323.824175824	2191244	2441686	2239.0	82.71175824175823	1.901098901098901	-5.967595084007662e-06	96.49286774229165	0.002701809604193189	0.6246124068484717	1.2153167655431012e-05
Proteobacteria	Gammaproteobacteria	Enterobacterales	Pectobacteriaceae	Pectobacterium	99	68.59	82.65	4899458.818181818	4546939	5255635	4557.040404040404	76.65787878787876	3.0505050505050506	-1.5762698506628011e-06	84.38074800754279	0.004756828698009652	0.4975602612670651	2.31499762056485e-06
Proteobacteria	Alphaproteobacteria	Rhodobacterales	Rhodobacteraceae	Phaeobacter	53	60.19	82.58	4337565.490566038	4021447	4862077	4160.377358490566	70.95396226415095	0.1320754716981132	-3.941385625980526e-06	88.04998054041708	0.06601423254531275	0.06328184563620534	2.075941830792604e-06
Proteobacteria	Alphaproteobacteria	Caulobacterales	Caulobacteraceae	Phenylobacterium	14	60.73	78.87	4126801.3571428573	3304362	4877165	4057.285714285714	72.34642857142858	0.35714285714285715	-1.1276580855375296e-06	77.00004948921797	0.009917081937904432	0.7348245887830311	3.252599929787519e-06
Proteobacteria	Gammaproteobacteria	Vibrionales	Vibrionaceae	Photobacterium	91	31.92	80.23	4816797.472527472	4236997	5705127	4569.274725274725	68.31758241758243	0.9560439560439561	-8.453426090408987e-06	109.03602384406221	0.10925284728912232	0.0013744998746897403	2.5585776149349637e-06
Proteobacteria	Gammaproteobacteria	Enterobacterales	Morganellaceae	Photorhabdus	39	51.37	71.58	5308044.974358974	4800313	5688987	4952.358974358975	64.41410256410255	4.538461538461538	3.951465461715191e-07	62.316646925561514	0.00045112225472540644	0.897879680141233	3.057822134887555e-06
Proteobacteria	Alphaproteobacteria	Rhizobiales	Phyllobacteriaceae	Phyllobacterium	23	68.38	84.7	5469153.478260869	4591746	6358399	5455.086956521739	76.2295652173913	0.08695652173913043	-5.373735987736274e-07	79.16854390424965	0.004707716253109786	0.7557459624745474	1.7050489729337238e-06
Proteobacteria	Gammaproteobacteria	Thiotrichales	Piscirickettsiaceae	Piscirickettsia	19	42.74	64.42	3432369.263157895	3091145	3694262	3631.3684210526317	50.723684210526315	0.0	8.622609073514314e-06	21.12770585836941	0.08058382053429364	0.2388786422394145	7.0639298904174806e-06
Proteobacteria	Gammaproteobacteria	Enterobacterales	Enterobacteriaceae	Pluralibacter	14	73.15	81.82	5460306.071428572	5230338	5653175	5238.571428571428	77.98714285714286	3.2857142857142856	-1.7957493411995643e-05	176.04055316230125	0.47340015590955764	0.006525919900363286	5.467405150220138e-06
Proteobacteria	Betaproteobacteria	Burkholderiales	Comamonadaceae	Polaromonas	12	63.95	80.97	4848444.166666667	4171197	5366143	4645.583333333333	72.49249999999999	0.16666666666666666	-5.672363031168898e-06	99.9946354496865	0.1297108263246602	0.25015299643946604	4.646304789714847e-06
Proteobacteria	Betaproteobacteria	Burkholderiales	Burkholderiaceae	Polynucleobacter	47	38.77	81.99	1963055.0638297873	1254137	2670970	2097.7872340425533	69.8987234042553	0.10638297872340426	9.033069806441741e-06	52.16630997879189	0.07275420968310291	0.06672394010729876	4.80725855507579e-06
Proteobacteria	Alphaproteobacteria	Sphingomonadales	Erythrobacteraceae	Porphyrobacter	17	65.82	78.72	3335546.3529411764	2899072	4309205	3263.4117647058824	70.6441176470588	0.29411764705882354	2.4725572767875952e-06	62.39678824003179	0.07105920697445635	0.3010225802374618	2.308259174589615e-06
Proteobacteria	Gammaproteobacteria	Enterobacterales	Morganellaceae	Proteus	94	36.9	82.43	4012860.0212765955	3747729	4440469	3872.7659574468084	74.70574468085107	0.6702127659574468	-2.6492242801919156e-06	85.33671088222847	0.004682202952122694	0.5122663060624645	4.026990273459112e-06
Proteobacteria	Gammaproteobacteria	Enterobacterales	Morganellaceae	Providencia	49	62.9	80.13	4359980.530612245	3531582	5007128	4214.326530612245	72.13571428571429	2.2448979591836733	-4.829836447148337e-07	74.2415135732751	0.0008621042876940602	0.841270565505231	2.39837069305624e-06
Proteobacteria	Gammaproteobacteria	Alteromonadales	Pseudoalteromonadaceae	Pseudoalteromonas	156	54.24	79.17	4738271.25	3400300	6369505	4295.929487179487	64.23743589743593	1.3846153846153846	-4.483218618036277e-06	85.48014178274191	0.33935704254940846	1.4939232395734247e-15	5.04062661725622e-07
Proteobacteria	Gammaproteobacteria	Pseudomonadales	Pseudomonadaceae	Pseudomonas	1965	15.19	85.41	6347027.758778626	4809638	7728786	5919.516030534352	71.23810687022907	1.3526717557251908	-1.0840823688454131e-06	78.11880775809333	0.02317915359468501	1.1677717797428587e-11	1.588403387092572e-07
Proteobacteria	Alphaproteobacteria	Rhodobacterales	Rhodobacteraceae	Pseudooceanicola	11	68.13	79.89	4447086.454545454	4063489	4935686	4274.090909090909	73.45181818181818	0.7272727272727273	-1.6732028808293704e-06	80.89269604886091	0.011606568419198021	0.7525401851083231	5.146836311743253e-06
Proteobacteria	Alphaproteobacteria	Rhodobacterales	Rhodobacteraceae	Pseudovibrio	19	55.21	78.43	6030606.263157895	5726521	6559398	5667.421052631579	67.52000000000001	0.10526315789473684	-9.41721901389957e-06	124.31153996675238	0.1644441412358366	0.08497626147265332	5.148452993677109e-06
Proteobacteria	Gammaproteobacteria	Xanthomonadales	Xanthomonadaceae	Pseudoxanthomonas	25	65.53	79.96	3723836.84	2925846	4695108	3418.24	70.62440000000001	1.36	-9.08144810525693e-07	74.0061831014904	0.017528537603586396	0.5281235686834644	1.4176803422871432e-06
Proteobacteria	Gammaproteobacteria	Pseudomonadales	Moraxellaceae	Psychrobacter	56	58.58	83.52	3206688.0535714286	2650701	3585631	2789.160714285714	71.88375	0.9642857142857143	-7.797854656238072e-06	96.88903736964495	0.058870842449199705	0.0715804314475644	4.242801807967976e-06
Proteobacteria	Betaproteobacteria	Burkholderiales	Alcaligenaceae	Pusillimonas	14	61.85	88.17	3818589.1428571427	3119350	4541669	3695.214285714286	78.04071428571429	0.0	-2.1536805774687937e-06	86.26473555601892	0.0216478254283679	0.6157117216606994	4.179565515305141e-06
Proteobacteria	Gammaproteobacteria	Enterobacterales	Yersiniaceae	Rahnella	22	71.56	82.88	5490031.636363637	5353647	5656799	5166.5	77.31772727272727	1.7272727272727273	-2.6678742690878475e-06	91.96444141186007	0.005388437661245163	0.7454496814517654	8.10486305133208e-06
Proteobacteria	Betaproteobacteria	Burkholderiales	Burkholderiaceae	Ralstonia	146	29.58	83.58	5494660.657534246	4525607	6337400	5092.08904109589	70.20404109589036	1.2945205479452055	2.9407607574353727e-07	68.58819285218034	0.000179030479459892	0.8726515375546893	1.8313699402629635e-06
Proteobacteria	Gammaproteobacteria	Enterobacterales	Enterobacteriaceae	Raoultella	61	70.62	85.7	5749953.491803279	5277006	6299416	5587.163934426229	80.12065573770492	0.4918032786885246	-5.581987080909472e-06	112.21682184478112	0.19091582648618446	0.00043032777074558003	1.4960245080503982e-06
Proteobacteria	Gammaproteobacteria	Chromatiales	Chromatiaceae	Rheinheimera	12	54.73	78.53	4351707.666666667	3987205	5031000	4064.0	64.77416666666667	0.5	-1.6570255543460442e-06	71.98505747537693	0.007543083563481014	0.7884003802260553	6.010499674347448e-06
Proteobacteria	Alphaproteobacteria	Rhizobiales	Rhizobiaceae	Rhizobium	433	61.03	84.85	6538027.808314088	4526531	8729608	6371.972286374134	74.89120092378748	0.17782909930715934	-7.493396423709173e-07	79.79040434348072	0.02151088812140787	0.0022158888396355664	2.4343829721936176e-07
Proteobacteria	Gammaproteobacteria	Xanthomonadales	Rhodanobacteraceae	Rhodanobacter	29	63.6	80.79	3968399.172413793	3571513	4652210	3593.7586206896553	70.42137931034483	1.206896551724138	-2.723745007661756e-07	71.50227005377194	0.0004007907478679816	0.9179014282004837	2.6178133214414783e-06
Proteobacteria	Alphaproteobacteria	Rhodobacterales	Rhodobacteraceae	Rhodobacter	55	64.56	82.16	4159150.4	3268293	5037502	4036.018181818182	70.61999999999999	1.7818181818181817	4.500919141766122e-06	51.90000035115578	0.16976354903166394	0.0017745648087511704	1.3672311726422776e-06
Proteobacteria	Betaproteobacteria	Burkholderiales	Comamonadaceae	Rhodoferax	12	61.83	75.42	4993811.583333333	2981179	6882532	4741.916666666667	70.245	0.5833333333333334	1.104188465694584e-06	64.73089084983133	0.0847146598500338	0.3587064702071101	1.1477364486455747e-06
Proteobacteria	Alphaproteobacteria	Rhizobiales	Bradyrhizobiaceae	Rhodopseudomonas	30	56.53	79.66	5406400.833333333	5104493	5744041	5202.766666666666	67.82233333333333	1.0666666666666667	-4.915065185363551e-06	94.39514584737047	0.00920832963532305	0.6139605375425043	9.634984291159977e-06
Proteobacteria	Alphaproteobacteria	Rhodobacterales	Rhodobacteraceae	Rhodovulum	23	63.56	75.86	4085057.782608696	2909339	4831432	3979.1304347826085	69.37521739130433	1.4782608695652173	-1.8636706708037413e-07	70.13653762910299	0.0006073693614672811	0.911126328595448	1.6496854897413368e-06
Proteobacteria	Alphaproteobacteria	Rickettsiales	Rickettsiaceae	Rickettsia	97	30.7	82.35	1289117.2474226805	1109051	1564726	1372.701030927835	55.71092783505156	0.041237113402061855	-6.062673845986378e-05	133.8659020386459	0.4069240428507945	2.106770140996887e-12	7.509324750282441e-06
Proteobacteria	Gammaproteobacteria	Pasteurellales	Pasteurellaceae	Rodentibacter	25	66.31	77.3	2438481.52	2192372	2720245	2414.68	71.98840000000001	0.64	-2.2142930526129463e-05	125.98352688661058	0.7227148726572468	7.483130530905185e-08	2.859900814466989e-06
Proteobacteria	Alphaproteobacteria	Rhodobacterales	Rhodobacteraceae	Roseivivax	11	66.99	72.27	4445122.363636363	3771129	4898228	4284.090909090909	69.23454545454545	0.2727272727272727	-3.6855768956313794e-07	70.8728294827127	0.005017003560427317	0.8360526548290553	1.7300945852197599e-06
Proteobacteria	Alphaproteobacteria	Rhodobacterales	Rhodobacteraceae	Roseobacter	27	58.5	80.47	3409260.703703704	1179923	4890886	3421.1481481481483	68.53111111111112	0.18518518518518517	6.075992462706621e-07	66.45964687720054	0.013145748617391878	0.569046057608748	1.052885315713241e-06
Proteobacteria	Alphaproteobacteria	Rhodospirillales	Acetobacteraceae	Roseomonas	18	66.02	80.3	5319634.944444444	4128143	6430623	5055.333333333333	73.4211111111111	1.2222222222222223	-2.857378787745651e-06	88.62132315991717	0.18545728375353362	0.07441306069153267	1.497072421096451e-06
Proteobacteria	Alphaproteobacteria	Rhodobacterales	Rhodobacteraceae	Roseovarius	33	64.98	79.56	4030773.878787879	3221579	5113782	3999.2727272727275	71.16090909090909	0.45454545454545453	-1.8017703324405177e-06	78.42343788248527	0.025714176405333876	0.3726895810995259	1.9919363958770983e-06
Proteobacteria	Alphaproteobacteria	Rhodobacterales	Rhodobacteraceae	Ruegeria	29	62.4	81.38	4503235.9655172415	3821839	5320417	4467.137931034483	71.91344827586207	0.20689655172413793	1.6874583017046844e-06	64.3144253613149	0.018490739123701656	0.48184087345531823	2.3660353718028123e-06
Proteobacteria	Gammaproteobacteria	Vibrionales	Vibrionaceae	Salinivibrio	31	45.7	83.85	3439168.709677419	3123148	3706502	3355.064516129032	72.43935483870966	3.193548387096774	1.0744329378581661e-05	35.487793433423796	0.024934858276363207	0.39621258065285714	1.2476526058597606e-05
Proteobacteria	Gammaproteobacteria	Enterobacterales	Enterobacteriaceae	Salmonella	3035	40.74	79.84	4792367.291268534	4394500	5228621	4756.7034596375615	71.46405601317964	1.7354200988467874	-5.293481096340241e-06	96.83236167622884	0.05026461362700159	6.950992621171242e-36	4.1780660075573016e-07
Proteobacteria	Gammaproteobacteria	Enterobacterales	Yersiniaceae	Serratia	161	54.08	85.65	5283244.155279503	4755779	5953423	5082.316770186336	77.36409937888199	0.7080745341614907	-5.8822339661483425e-06	108.44137760052179	0.08648468985984133	0.0001527865143344319	1.5161146051379017e-06
Proteobacteria	Gammaproteobacteria	Alteromonadales	Shewanellaceae	Shewanella	110	21.65	79.64	4811050.681818182	4034972	5547544	4397.363636363636	67.23263636363635	0.8272727272727273	-4.181797947985035e-06	87.35147823251563	0.02894554160056584	0.07557243913147878	2.3306771624600138e-06
Proteobacteria	Gammaproteobacteria	Enterobacterales	Enterobacteriaceae	Shigella	167	56.07	81.11	4679025.323353293	4018103	5357728	5123.131736526946	68.08101796407185	0.7784431137724551	2.2003597855335044e-06	57.78547880707237	0.00915076596036507	0.21879742620487413	1.7824887270699939e-06
Proteobacteria	Alphaproteobacteria	Rhizobiales	Rhizobiaceae	Sinorhizobium	91	58.51	83.42	6865420.098901099	5994348	7781084	6816.593406593406	73.80813186813185	0.24175824175824176	-9.502570911122051e-07	80.3320460005769	0.00487453534581301	0.5107847501614315	1.439190964384832e-06
Proteobacteria	Betaproteobacteria	Neisseriales	Neisseriaceae	Snodgrassella	53	59.8	79.62	2463460.150943396	2317511	2623320	2337.132075471698	74.5320754716981	0.6792452830188679	-1.876596415681451e-05	120.76128036604274	0.07668240800943539	0.04471239801781963	9.118291636382944e-06
Proteobacteria	Alphaproteobacteria	Sphingomonadales	Sphingomonadaceae	Sphingobium	98	55.1	78.69	4773384.102040816	3389096	6304486	4661.15306122449	67.59989795918368	0.42857142857142855	-3.287161976017764e-06	83.29078467633995	0.12735008898855163	0.0003098253683590144	8.782251825742501e-07
Proteobacteria	Alphaproteobacteria	Sphingomonadales	Sphingomonadaceae	Sphingomonas	186	43.41	79.6	4173924.8225806453	2785891	5600220	3993.1935483870966	66.91559139784948	0.46236559139784944	-8.28008193862297e-08	67.26119579321565	8.587887241044791e-05	0.9000985287862344	6.58663969445629e-07
Proteobacteria	Alphaproteobacteria	Sphingomonadales	Sphingomonadaceae	Sphingopyxis	65	61.07	79.22	4318400.984615385	3068208	5748623	4165.384615384615	68.18446153846155	0.23076923076923078	-1.41375454066138e-06	74.2896205388581	0.03959475101576097	0.11204443747169934	8.772274082442799e-07
Proteobacteria	Alphaproteobacteria	Rhodobacterales	Rhodobacteraceae	Stappia	13	70.6	84.48	5015979.615384615	4623171	5493924	4648.692307692308	77.75307692307692	2.4615384615384617	3.864019660769506e-06	58.371233071211705	0.04030733166462401	0.5107401063394876	5.68482433150024e-06
Proteobacteria	Gammaproteobacteria	Xanthomonadales	Xanthomonadaceae	Stenotrophomonas	130	14.09	78.9	4550778.376923077	3913774	5214364	4243.861538461539	68.97692307692304	0.6384615384615384	1.7144265785583746e-06	61.17494767439741	0.0051713044480404795	0.4161865904875065	2.10178362796719e-06
Proteobacteria	Alphaproteobacteria	Rhodobacterales	Rhodobacteraceae	Sulfitobacter	41	57.24	82.05	4066012.0	3073791	5121602	4038.9268292682927	72.06975609756097	0.2926829268292683	2.5342190842558015e-07	71.03933957683967	0.0005760772679334016	0.8815900482234933	1.6902321369086608e-06
Proteobacteria	Epsilonproteobacteria	Campylobacterales	Helicobacteraceae	Sulfurimonas	21	55.46	63.59	2373290.476190476	2153198	2494538	2446.0476190476193	59.44952380952381	1.7142857142857142	-1.9573248509140085e-05	105.9025280843754	0.6107187315713056	2.877748174847783e-05	3.5850667211230134e-06
Proteobacteria	Epsilonproteobacteria	Campylobacterales	Campylobacteraceae	Sulfurospirillum	12	56.84	69.0	2686885.9166666665	2264828	3175729	2781.6666666666665	64.82249999999999	0.75	4.783256105227094e-07	63.537293653505536	0.0013664415114752195	0.9091959729159784	4.089132554932887e-06
Proteobacteria	Betaproteobacteria	Burkholderiales	Sutterellaceae	Sutterella	12	58.86	83.4	2529163.1666666665	1815481	2958117	2244.9166666666665	72.83166666666666	1.3333333333333333	3.3717651631337114e-06	64.30392240941906	0.017804271583395086	0.6793019100720827	7.919435656276897e-06
Proteobacteria	Betaproteobacteria	Burkholderiales	Alcaligenaceae	Taylorella	13	71.13	85.03	1666887.076923077	1617863	1739054	1569.923076923077	74.08384615384617	1.4615384615384615	-4.7395963503285385e-05	153.0875652157904	0.2419918859982081	0.0877265856591208	2.5291904827052526e-05
Proteobacteria	Gammaproteobacteria	Cellvibrionales	Cellvibrionaceae	Teredinibacter	11	57.99	61.49	5198676.2727272725	5069061	5387817	4339.909090909091	60.04727272727273	3.909090909090909	-2.1588313806431414e-06	71.27033820264128	0.05165249147768073	0.5015373739513056	3.0834405823369887e-06
Proteobacteria	Alphaproteobacteria	Rhodospirillales	Rhodospirillaceae	Thalassospira	32	67.21	83.12	4637028.46875	4185089	5400534	4353.21875	74.39625000000001	0.40625	-3.8116736196670363e-06	92.0710890879794	0.11079437834824943	0.0626743997614874	1.971502428562619e-06
Proteobacteria	Betaproteobacteria	Rhodocyclales	Zoogloeaceae	Thauera	18	66.0	82.92	4186620.611111111	3059321	5291530	3909.5	70.685	2.2222222222222223	-4.920003588803748e-06	91.28318843162641	0.48991357385422546	0.0012209554370765682	1.2550689209687867e-06
Proteobacteria	Gammaproteobacteria	Chromatiales	Ectothiorhodospiraceae	Thioalkalivibrio	72	64.14	82.94	2868357.638888889	2629588	3141511	2772.25	70.33097222222221	1.0	-1.2882488827335304e-05	107.2825574580102	0.2656307588100216	3.608757752230252e-06	2.5601700468718024e-06
Proteobacteria	Alphaproteobacteria	Rhodobacterales	Rhodobacteraceae	Thioclava	24	67.45	83.08	4106972.7916666665	3653331	4580168	4013.0833333333335	77.20208333333332	0.2916666666666667	-1.0132094283455045e-06	81.36330688780846	0.0018791028936684128	0.8406037071107884	4.978564929534508e-06
Proteobacteria	Betaproteobacteria	Burkholderiales	unclassified	Thiomonas	11	67.18	79.91	3829941.3636363638	3203428	4674432	3718.3636363636365	74.41	0.2727272727272727	-2.823146978354936e-06	85.22248738802658	0.0806035453074965	0.39751166782888925	3.178239159414762e-06
Proteobacteria	Betaproteobacteria	Burkholderiales	Comamonadaceae	Variovorax	69	58.14	83.28	7085534.0	5618633	8246414	6673.36231884058	74.58449275362318	0.7971014492753623	-2.1526553417201053e-06	89.8372053676626	0.10495614761975423	0.00661584522830884	7.679895593972905e-07
Proteobacteria	Gammaproteobacteria	Vibrionales	Vibrionaceae	Vibrio	1418	23.46	82.62	4764140.349083216	3097087	6658661	4479.406205923837	69.34243300423134	0.6607898448519041	-2.717244066042836e-06	82.28776509757293	0.07247486146814602	5.741043902352691e-25	2.5832484049699826e-07
Proteobacteria	Gammaproteobacteria	unclassified	unclassified	Wohlfahrtiimonas	12	67.6	84.45	2132391.5833333335	2071321	2182988	2075.1666666666665	80.33583333333333	2.25	-9.321353861229591e-05	279.1035985229098	0.3562086903719939	0.04048638751906812	3.9627739078911595e-05
Proteobacteria	Alphaproteobacteria	Rickettsiales	Anaplasmataceae	Wolbachia	40	33.09	71.66	1265419.225	1019510	1542137	1322.425	57.64650000000004	0.725	-1.1097463192414024e-05	71.68944327241059	0.03682312375049626	0.23553564660649243	9.207137415681173e-06
Proteobacteria	Alphaproteobacteria	Rhizobiales	Xanthobacteraceae	Xanthobacter	9	68.64	83.19	5394369.777777778	4916900	5766685	5056.333333333333	77.31888888888889	0.4444444444444444	-1.9677062041288717e-06	87.93342376798752	0.01099771084863469	0.7883089251075718	7.052753982195077e-06
Proteobacteria	Gammaproteobacteria	Xanthomonadales	Xanthomonadaceae	Xanthomonas	483	52.97	78.5	5053535.229813664	4328441	5710499	4448.548654244307	66.07612836438919	0.6811594202898551	-6.874227083429332e-06	100.8152771082386	0.079054285601125	3.1626679859672826e-10	1.0698075111889107e-06
Proteobacteria	Gammaproteobacteria	Enterobacterales	Morganellaceae	Xenorhabdus	29	44.1	74.2	4338738.448275862	3561198	5119810	4137.586206896552	63.94586206896552	2.6206896551724137	-3.1428551601842466e-06	77.5818885898191	0.04423085174574191	0.2734959258857912	2.8116181440736792e-06
Proteobacteria	Gammaproteobacteria	Xanthomonadales	Xanthomonadaceae	Xylella	51	50.91	69.7	2598094.9215686275	2387314	2824527	2597.2549019607845	60.76901960784314	0.09803921568627451	-1.0937609971385136e-05	89.18596852859724	0.08616739992092558	0.03655977425546509	5.088458324659468e-06
Proteobacteria	Gammaproteobacteria	Enterobacterales	Yersiniaceae	Yersinia	395	13.07	80.13	4655701.784810127	4000307	5185794	4375.3139240506325	72.48491139240512	1.3772151898734177	-1.1809792229989225e-06	77.98319846874483	0.0015510155291003835	0.43507154904953094	1.5114745837843117e-06
Proteobacteria	Alphaproteobacteria	Rhodobacterales	Rhodobacteraceae	Yoonia	9	66.62	78.92	3550436.5555555555	3063691	3987360	3602.3333333333335	70.33	0.4444444444444444	-8.98988920576638e-07	73.52180312665472	0.005973277515791046	0.8433338815056824	4.383267779395488e-06
Proteobacteria	Alphaproteobacteria	Sphingomonadales	Sphingomonadaceae	Zymomonas	22	62.52	82.36	2097891.3636363638	2008345	2223520	1897.409090909091	74.56727272727271	3.090909090909091	3.3897830235173813e-06	67.45587619763444	0.0022104098266936237	0.8354147693518712	1.6104230780413318e-05
